dataset,n_train,arm,m,L,train_acc,acc,cos_sim
CoverType,1000,B_in_dm,1,1,0.956,0.6664,1.0
CoverType,1000,B_in_dm,1,2,0.9747,0.6594,1.0
CoverType,1000,B_in_dm,10,1,0.836,0.6719,0.2614
CoverType,1000,B_in_dm,10,2,0.948,0.6572,0.2614
CoverType,1000,B_in_dm,50,1,0.768,0.6919,0.1011
CoverType,1000,B_in_dm,50,2,0.975,0.6307,0.1011
CoverType,1000,B_in_sqrt,1,1,0.5487,0.4991,1.0
CoverType,1000,B_in_sqrt,1,2,0.552,0.4961,1.0
CoverType,1000,B_in_sqrt,10,1,0.8237,0.6347,0.3291
CoverType,1000,B_in_sqrt,10,2,0.9547,0.6317,0.3291
CoverType,1000,B_in_sqrt,50,1,0.9673,0.6485,0.3595
CoverType,1000,B_in_sqrt,50,2,1.0,0.6877,0.3595
CoverType,1000,C_splitdata_fullcols,1,1,0.9613,0.6648,1.0
CoverType,1000,C_splitdata_fullcols,1,2,0.9747,0.6565,1.0
CoverType,1000,D_dm_fullP,1,1,0.9557,0.6723,1.0
CoverType,1000,D_dm_fullP,1,2,0.9747,0.6643,1.0
CoverType,1000,D_sqrt_fullP,1,1,0.548,0.5008,1.0
CoverType,1000,D_sqrt_fullP,1,2,0.556,0.4979,1.0
CoverType,5000,B_in_dm,1,1,0.8564,0.7409,1.0
CoverType,5000,B_in_dm,1,2,0.877,0.7378,1.0
CoverType,5000,B_in_dm,10,1,0.7623,0.7179,0.2578
CoverType,5000,B_in_dm,10,2,0.8594,0.7286,0.2578
CoverType,5000,B_in_dm,50,1,0.7305,0.7133,0.1138
CoverType,5000,B_in_dm,50,2,0.8812,0.7217,0.1138
CoverType,5000,B_in_sqrt,1,1,0.5309,0.5099,1.0
CoverType,5000,B_in_sqrt,1,2,0.5191,0.505,1.0
CoverType,5000,B_in_sqrt,10,1,0.7496,0.6875,0.308
CoverType,5000,B_in_sqrt,10,2,0.8355,0.6975,0.308
CoverType,5000,B_in_sqrt,50,1,0.8765,0.7354,0.3493
CoverType,5000,B_in_sqrt,50,2,0.9717,0.7618,0.3493
CoverType,5000,C_splitdata_fullcols,1,1,0.8511,0.7394,1.0
CoverType,5000,C_splitdata_fullcols,1,2,0.8681,0.7401,1.0
CoverType,5000,C_splitdata_fullcols,10,1,0.7697,0.7265,0.1164
CoverType,5000,C_splitdata_fullcols,10,2,0.8013,0.7365,0.1164
CoverType,5000,D_dm_fullP,1,1,0.8543,0.7426,1.0
CoverType,5000,D_dm_fullP,1,2,0.8744,0.742,1.0
CoverType,5000,D_dm_fullP,10,1,0.7323,0.7127,0.1841
CoverType,5000,D_dm_fullP,10,2,0.7545,0.7177,0.1841
CoverType,5000,D_sqrt_fullP,1,1,0.5293,0.5092,1.0
CoverType,5000,D_sqrt_fullP,1,2,0.5275,0.5081,1.0
CoverType,5000,D_sqrt_fullP,10,1,0.7043,0.6822,0.2606
CoverType,5000,D_sqrt_fullP,10,2,0.7241,0.6808,0.2606
CoverType,10000,B_in_dm,1,1,0.8218,0.7652,1.0
CoverType,10000,B_in_dm,1,2,0.8366,0.7677,1.0
CoverType,10000,B_in_dm,10,1,0.7428,0.7289,0.2406
CoverType,10000,B_in_dm,10,2,0.8233,0.757,0.2406
CoverType,10000,B_in_dm,50,1,0.7251,0.7197,0.1171
CoverType,10000,B_in_dm,50,2,0.8402,0.7534,0.1171
CoverType,10000,B_in_sqrt,1,1,0.5208,0.5154,1.0
CoverType,10000,B_in_sqrt,1,2,0.5132,0.512,1.0
CoverType,10000,B_in_sqrt,10,1,0.7248,0.7024,0.3024
CoverType,10000,B_in_sqrt,10,2,0.8046,0.7256,0.3024
CoverType,10000,B_in_sqrt,50,1,0.8363,0.7647,0.348
CoverType,10000,B_in_sqrt,50,2,0.935,0.8007,0.348
CoverType,10000,C_splitdata_fullcols,1,1,0.8185,0.7639,1.0
CoverType,10000,C_splitdata_fullcols,1,2,0.8346,0.7666,1.0
CoverType,10000,C_splitdata_fullcols,10,1,0.7726,0.7466,0.1703
CoverType,10000,C_splitdata_fullcols,10,2,0.7976,0.761,0.1703
CoverType,10000,C_splitdata_fullcols,50,1,0.7733,0.7501,0.1086
CoverType,10000,C_splitdata_fullcols,50,2,0.791,0.7583,0.1086
CoverType,10000,D_dm_fullP,1,1,0.8251,0.7665,1.0
CoverType,10000,D_dm_fullP,1,2,0.8404,0.7664,1.0
CoverType,10000,D_dm_fullP,10,1,0.7293,0.7209,0.2478
CoverType,10000,D_dm_fullP,10,2,0.7527,0.7302,0.2478
CoverType,10000,D_dm_fullP,50,1,0.7258,0.7197,0.2804
CoverType,10000,D_dm_fullP,50,2,0.7749,0.7435,0.2804
CoverType,10000,D_sqrt_fullP,1,1,0.5203,0.5147,1.0
CoverType,10000,D_sqrt_fullP,1,2,0.5194,0.5163,1.0
CoverType,10000,D_sqrt_fullP,10,1,0.7008,0.6929,0.2557
CoverType,10000,D_sqrt_fullP,10,2,0.7242,0.701,0.2557
CoverType,10000,D_sqrt_fullP,50,1,0.7748,0.7484,0.2302
CoverType,10000,D_sqrt_fullP,50,2,0.802,0.7569,0.2302
CoverType,50000,B_in_sqrt,1,1,0.516,0.5165,1.0
CoverType,50000,B_in_sqrt,1,2,0.5121,0.5122,1.0
CoverType,50000,B_in_sqrt,10,1,0.7108,0.707,0.3288
CoverType,50000,B_in_sqrt,10,2,0.7696,0.7513,0.3288
CoverType,50000,C_splitdata_fullcols,1,1,0.7957,0.7851,1.0
CoverType,50000,C_splitdata_fullcols,1,2,0.8062,0.7931,1.0
CoverType,50000,C_splitdata_fullcols,10,1,0.782,0.7744,0.3284
CoverType,50000,C_splitdata_fullcols,10,2,0.8072,0.7946,0.3284
CoverType,50000,C_splitdata_fullcols,50,1,0.7801,0.7731,0.1586
CoverType,50000,C_splitdata_fullcols,50,2,0.7978,0.7863,0.1586
Digits8x8,500,B_in_dm,1,1,1.0,0.968,1.0
Digits8x8,500,B_in_dm,1,2,1.0,0.968,1.0
Digits8x8,500,B_in_dm,10,1,1.0,0.9407,0.3348
Digits8x8,500,B_in_dm,10,2,1.0,0.9567,0.3348
Digits8x8,500,B_in_dm,50,1,1.0,0.914,0.0759
Digits8x8,500,B_in_dm,50,2,1.0,0.9627,0.0759
Digits8x8,500,B_in_sqrt,1,1,0.8927,0.606,1.0
Digits8x8,500,B_in_sqrt,1,2,0.638,0.4593,1.0
Digits8x8,500,B_in_sqrt,10,1,1.0,0.926,0.4418
Digits8x8,500,B_in_sqrt,10,2,1.0,0.9287,0.4418
Digits8x8,500,B_in_sqrt,50,1,1.0,0.9633,0.466
Digits8x8,500,B_in_sqrt,50,2,1.0,0.972,0.466
Digits8x8,500,C_splitdata_fullcols,1,1,1.0,0.968,1.0
Digits8x8,500,C_splitdata_fullcols,1,2,1.0,0.9687,1.0
Digits8x8,500,D_dm_fullP,1,1,1.0,0.9727,1.0
Digits8x8,500,D_dm_fullP,1,2,1.0,0.9713,1.0
Digits8x8,500,D_sqrt_fullP,1,1,0.8893,0.6127,1.0
Digits8x8,500,D_sqrt_fullP,1,2,0.6273,0.438,1.0
Digits8x8,1000,B_in_dm,1,1,1.0,0.9713,1.0
Digits8x8,1000,B_in_dm,1,2,1.0,0.9753,1.0
Digits8x8,1000,B_in_dm,10,1,1.0,0.9533,0.2917
Digits8x8,1000,B_in_dm,10,2,1.0,0.9593,0.2917
Digits8x8,1000,B_in_dm,50,1,1.0,0.9393,0.0764
Digits8x8,1000,B_in_dm,50,2,1.0,0.974,0.0764
Digits8x8,1000,B_in_sqrt,1,1,0.8183,0.6407,1.0
Digits8x8,1000,B_in_sqrt,1,2,0.5644,0.46,1.0
Digits8x8,1000,B_in_sqrt,10,1,1.0,0.9453,0.4037
Digits8x8,1000,B_in_sqrt,10,2,1.0,0.94,0.4037
Digits8x8,1000,B_in_sqrt,50,1,1.0,0.9773,0.4188
Digits8x8,1000,B_in_sqrt,50,2,1.0,0.982,0.4188
Digits8x8,1000,C_splitdata_fullcols,1,1,1.0,0.978,1.0
Digits8x8,1000,C_splitdata_fullcols,1,2,1.0,0.98,1.0
Digits8x8,1000,D_dm_fullP,1,1,1.0,0.9787,1.0
Digits8x8,1000,D_dm_fullP,1,2,1.0,0.9807,1.0
Digits8x8,1000,D_sqrt_fullP,1,1,0.8126,0.6413,1.0
Digits8x8,1000,D_sqrt_fullP,1,2,0.5685,0.4613,1.0
FashionMNIST,2000,B_in_dm,1,1,1.0,0.7995,1.0
FashionMNIST,2000,B_in_dm,1,2,1.0,0.8018,1.0
FashionMNIST,2000,B_in_dm,10,1,1.0,0.8286,0.8461
FashionMNIST,2000,B_in_dm,10,2,1.0,0.834,0.8461
FashionMNIST,2000,B_in_sqrt,1,1,0.9672,0.6909,1.0
FashionMNIST,2000,B_in_sqrt,1,2,0.6275,0.4886,1.0
FashionMNIST,2000,B_in_sqrt,10,1,1.0,0.8075,0.7391
FashionMNIST,2000,B_in_sqrt,10,2,1.0,0.804,0.7391
FashionMNIST,2000,C_splitdata_fullcols,1,1,1.0,0.7996,1.0
FashionMNIST,2000,C_splitdata_fullcols,1,2,1.0,0.8025,1.0
FashionMNIST,2000,C_splitdata_fullcols,10,1,0.9398,0.8056,0.2793
FashionMNIST,2000,C_splitdata_fullcols,10,2,0.9532,0.8112,0.2793
FashionMNIST,2000,D_dm_fullP,1,1,1.0,0.7968,1.0
FashionMNIST,2000,D_dm_fullP,1,2,1.0,0.7997,1.0
FashionMNIST,2000,D_dm_fullP,10,1,0.9353,0.789,0.8423
FashionMNIST,2000,D_dm_fullP,10,2,0.9502,0.7909,0.8423
FashionMNIST,2000,D_sqrt_fullP,1,1,0.9707,0.6879,1.0
FashionMNIST,2000,D_sqrt_fullP,1,2,0.6423,0.4987,1.0
FashionMNIST,2000,D_sqrt_fullP,10,1,0.9182,0.7748,0.7288
FashionMNIST,2000,D_sqrt_fullP,10,2,0.9225,0.7632,0.7288
FashionMNIST,10000,B_in_dm,1,1,0.9752,0.8333,1.0
FashionMNIST,10000,B_in_dm,1,2,0.9821,0.8332,1.0
FashionMNIST,10000,B_in_dm,10,1,0.992,0.8696,0.8291
FashionMNIST,10000,B_in_dm,10,2,0.9956,0.8694,0.8291
FashionMNIST,10000,B_in_sqrt,1,1,0.8696,0.743,1.0
FashionMNIST,10000,B_in_sqrt,1,2,0.5661,0.5168,1.0
FashionMNIST,10000,B_in_sqrt,10,1,0.9841,0.8506,0.7234
FashionMNIST,10000,B_in_sqrt,10,2,0.9878,0.8415,0.7234
FashionMNIST,10000,C_splitdata_fullcols,1,1,0.9737,0.8342,1.0
FashionMNIST,10000,C_splitdata_fullcols,1,2,0.9811,0.833,1.0
FashionMNIST,10000,C_splitdata_fullcols,10,1,0.8889,0.8514,0.2825
FashionMNIST,10000,C_splitdata_fullcols,10,2,0.905,0.8554,0.2825
FashionMNIST,10000,D_dm_fullP,1,1,0.9719,0.8335,1.0
FashionMNIST,10000,D_dm_fullP,1,2,0.9795,0.8328,1.0
FashionMNIST,10000,D_dm_fullP,10,1,0.8953,0.8535,0.8232
FashionMNIST,10000,D_dm_fullP,10,2,0.9044,0.8462,0.8232
FashionMNIST,10000,D_sqrt_fullP,1,1,0.8697,0.7448,1.0
FashionMNIST,10000,D_sqrt_fullP,1,2,0.5641,0.5145,1.0
FashionMNIST,10000,D_sqrt_fullP,10,1,0.8813,0.8394,0.7074
FashionMNIST,10000,D_sqrt_fullP,10,2,0.8833,0.8265,0.7074
FashionMNIST,50000,B_in_dm,1,1,0.9073,0.8711,1.0
FashionMNIST,50000,B_in_dm,1,2,0.9135,0.8735,1.0
FashionMNIST,50000,B_in_dm,10,1,0.9286,0.8915,0.8545
FashionMNIST,50000,B_in_dm,10,2,0.9338,0.8889,0.8545
FashionMNIST,50000,B_in_sqrt,1,1,0.7965,0.766,1.0
FashionMNIST,50000,B_in_sqrt,1,2,0.5398,0.5274,1.0
FashionMNIST,50000,B_in_sqrt,10,1,0.9118,0.8716,0.7534
FashionMNIST,50000,B_in_sqrt,10,2,0.912,0.8654,0.7534
FashionMNIST,50000,C_splitdata_fullcols,1,1,0.9066,0.8715,1.0
FashionMNIST,50000,C_splitdata_fullcols,1,2,0.913,0.8739,1.0
FashionMNIST,50000,C_splitdata_fullcols,10,1,0.8871,0.8702,0.2681
FashionMNIST,50000,C_splitdata_fullcols,10,2,0.9007,0.8758,0.2681
FashionMNIST,50000,D_dm_fullP,1,1,0.906,0.8706,1.0
FashionMNIST,50000,D_dm_fullP,1,2,0.913,0.8718,1.0
FashionMNIST,50000,D_dm_fullP,10,1,0.8974,0.8763,0.8102
FashionMNIST,50000,D_dm_fullP,10,2,0.9006,0.8742,0.8102
FashionMNIST,50000,D_sqrt_fullP,1,1,0.7958,0.765,1.0
FashionMNIST,50000,D_sqrt_fullP,1,2,0.5705,0.5617,1.0
FashionMNIST,50000,D_sqrt_fullP,10,1,0.8804,0.8581,0.7044
FashionMNIST,50000,D_sqrt_fullP,10,2,0.8749,0.8468,0.7044
Gisette,2000,B_in_dm,1,1,1.0,0.9005,1.0
Gisette,2000,B_in_dm,1,2,1.0,0.8998,1.0
Gisette,2000,B_in_dm,10,1,1.0,0.9669,0.8193
Gisette,2000,B_in_dm,10,2,1.0,0.9662,0.8193
Gisette,2000,B_in_sqrt,1,1,0.9965,0.7474,1.0
Gisette,2000,B_in_sqrt,1,2,0.9963,0.7457,1.0
Gisette,2000,B_in_sqrt,10,1,1.0,0.9364,0.6105
Gisette,2000,B_in_sqrt,10,2,1.0,0.9274,0.6105
Gisette,2000,C_splitdata_fullcols,1,1,1.0,0.885,1.0
Gisette,2000,C_splitdata_fullcols,1,2,1.0,0.8855,1.0
Gisette,2000,C_splitdata_fullcols,10,1,0.9517,0.921,0.3176
Gisette,2000,C_splitdata_fullcols,10,2,0.9552,0.9188,0.3176
Gisette,2000,D_dm_fullP,1,1,1.0,0.8743,1.0
Gisette,2000,D_dm_fullP,1,2,1.0,0.876,1.0
Gisette,2000,D_dm_fullP,10,1,0.9618,0.9364,0.6527
Gisette,2000,D_dm_fullP,10,2,0.9642,0.9376,0.6527
Gisette,2000,D_sqrt_fullP,1,1,0.9967,0.7557,1.0
Gisette,2000,D_sqrt_fullP,1,2,0.9967,0.7536,1.0
Gisette,2000,D_sqrt_fullP,10,1,0.9308,0.9024,0.3938
Gisette,2000,D_sqrt_fullP,10,2,0.93,0.8931,0.3938
Gisette,5600,B_in_dm,1,1,1.0,0.9057,1.0
Gisette,5600,B_in_dm,1,2,1.0,0.9055,1.0
Gisette,5600,B_in_dm,10,1,0.9999,0.9707,0.7939
Gisette,5600,B_in_dm,10,2,0.9999,0.971,0.7939
Gisette,5600,B_in_sqrt,1,1,0.8981,0.7986,1.0
Gisette,5600,B_in_sqrt,1,2,0.899,0.7979,1.0
Gisette,5600,B_in_sqrt,10,1,0.9942,0.945,0.6227
Gisette,5600,B_in_sqrt,10,2,0.9933,0.946,0.6227
Gisette,5600,C_splitdata_fullcols,1,1,1.0,0.8979,1.0
Gisette,5600,C_splitdata_fullcols,1,2,1.0,0.8981,1.0
Gisette,5600,C_splitdata_fullcols,10,1,0.9515,0.9298,0.3594
Gisette,5600,C_splitdata_fullcols,10,2,0.9545,0.9283,0.3594
Gisette,5600,D_dm_fullP,1,1,1.0,0.9017,1.0
Gisette,5600,D_dm_fullP,1,2,1.0,0.9029,1.0
Gisette,5600,D_dm_fullP,10,1,0.9689,0.9507,0.6988
Gisette,5600,D_dm_fullP,10,2,0.9693,0.9502,0.6988
Gisette,5600,D_sqrt_fullP,1,1,0.8976,0.8129,1.0
Gisette,5600,D_sqrt_fullP,1,2,0.8977,0.8138,1.0
Gisette,5600,D_sqrt_fullP,10,1,0.9385,0.919,0.3938
Gisette,5600,D_sqrt_fullP,10,2,0.9367,0.9133,0.3938
MNIST,1000,B_in_dm,1,1,1.0,0.8534,1.0
MNIST,1000,B_in_dm,1,2,1.0,0.855,1.0
MNIST,1000,B_in_dm,10,1,1.0,0.886,0.7998
MNIST,1000,B_in_dm,10,2,1.0,0.8929,0.7998
MNIST,1000,B_in_dm,50,1,1.0,0.8376,0.2809
MNIST,1000,B_in_dm,50,2,1.0,0.8587,0.2809
MNIST,1000,B_in_sqrt,1,1,0.9203,0.5696,1.0
MNIST,1000,B_in_sqrt,1,2,0.5647,0.392,1.0
MNIST,1000,B_in_sqrt,10,1,1.0,0.8276,0.4795
MNIST,1000,B_in_sqrt,10,2,1.0,0.8122,0.4795
MNIST,1000,B_in_sqrt,50,1,1.0,0.8692,0.4781
MNIST,1000,B_in_sqrt,50,2,1.0,0.8866,0.4781
MNIST,1000,C_splitdata_fullcols,1,1,1.0,0.8533,1.0
MNIST,1000,C_splitdata_fullcols,1,2,1.0,0.8567,1.0
MNIST,1000,D_dm_fullP,1,1,1.0,0.8587,1.0
MNIST,1000,D_dm_fullP,1,2,1.0,0.8615,1.0
MNIST,1000,D_sqrt_fullP,1,1,0.9203,0.5681,1.0
MNIST,1000,D_sqrt_fullP,1,2,0.5697,0.4036,1.0
MNIST,5000,B_in_dm,1,1,1.0,0.9072,1.0
MNIST,5000,B_in_dm,1,2,1.0,0.9094,1.0
MNIST,5000,B_in_dm,10,1,1.0,0.942,0.7134
MNIST,5000,B_in_dm,10,2,1.0,0.943,0.7134
MNIST,5000,B_in_dm,50,1,1.0,0.9083,0.2218
MNIST,5000,B_in_dm,50,2,1.0,0.918,0.2218
MNIST,5000,B_in_sqrt,1,1,0.7837,0.6367,1.0
MNIST,5000,B_in_sqrt,1,2,0.5067,0.4487,1.0
MNIST,5000,B_in_sqrt,10,1,0.9985,0.8979,0.3567
MNIST,5000,B_in_sqrt,10,2,0.9993,0.8841,0.3567
MNIST,5000,B_in_sqrt,50,1,1.0,0.9284,0.355
MNIST,5000,B_in_sqrt,50,2,1.0,0.9362,0.355
MNIST,5000,C_splitdata_fullcols,1,1,1.0,0.9051,1.0
MNIST,5000,C_splitdata_fullcols,1,2,1.0,0.908,1.0
MNIST,5000,C_splitdata_fullcols,10,1,0.9573,0.8993,0.3846
MNIST,5000,C_splitdata_fullcols,10,2,0.9758,0.9134,0.3846
MNIST,5000,D_dm_fullP,1,1,1.0,0.9073,1.0
MNIST,5000,D_dm_fullP,1,2,1.0,0.9095,1.0
MNIST,5000,D_dm_fullP,10,1,0.9676,0.9086,0.7366
MNIST,5000,D_dm_fullP,10,2,0.9773,0.9048,0.7366
MNIST,5000,D_sqrt_fullP,1,1,0.7783,0.6367,1.0
MNIST,5000,D_sqrt_fullP,1,2,0.4865,0.4199,1.0
MNIST,5000,D_sqrt_fullP,10,1,0.9403,0.88,0.4251
MNIST,5000,D_sqrt_fullP,10,2,0.9309,0.8505,0.4251
MNIST,10000,B_in_dm,1,1,0.9989,0.923,1.0
MNIST,10000,B_in_dm,1,2,0.9994,0.9254,1.0
MNIST,10000,B_in_dm,10,1,0.9999,0.954,0.689
MNIST,10000,B_in_dm,10,2,0.9999,0.954,0.689
MNIST,10000,B_in_dm,50,1,0.9999,0.928,0.222
MNIST,10000,B_in_dm,50,2,1.0,0.9318,0.222
MNIST,10000,B_in_sqrt,1,1,0.7373,0.6511,1.0
MNIST,10000,B_in_sqrt,1,2,0.479,0.4476,1.0
MNIST,10000,B_in_sqrt,10,1,0.9912,0.9165,0.3535
MNIST,10000,B_in_sqrt,10,2,0.9954,0.9051,0.3535
MNIST,10000,B_in_sqrt,50,1,0.9999,0.9442,0.348
MNIST,10000,B_in_sqrt,50,2,1.0,0.9497,0.348
MNIST,10000,C_splitdata_fullcols,1,1,0.999,0.9204,1.0
MNIST,10000,C_splitdata_fullcols,1,2,0.9994,0.923,1.0
MNIST,10000,C_splitdata_fullcols,10,1,0.9472,0.9151,0.4313
MNIST,10000,C_splitdata_fullcols,10,2,0.9674,0.9282,0.4313
MNIST,10000,C_splitdata_fullcols,50,1,0.9798,0.9182,0.3847
MNIST,10000,C_splitdata_fullcols,50,2,0.9829,0.9333,0.3847
MNIST,10000,D_dm_fullP,1,1,0.999,0.9191,1.0
MNIST,10000,D_dm_fullP,1,2,0.9995,0.922,1.0
MNIST,10000,D_dm_fullP,10,1,0.9623,0.9316,0.7188
MNIST,10000,D_dm_fullP,10,2,0.9703,0.9293,0.7188
MNIST,10000,D_dm_fullP,50,1,0.9944,0.9107,0.2738
MNIST,10000,D_dm_fullP,50,2,0.9949,0.9016,0.2738
MNIST,10000,D_sqrt_fullP,1,1,0.7355,0.6498,1.0
MNIST,10000,D_sqrt_fullP,1,2,0.4594,0.4162,1.0
MNIST,10000,D_sqrt_fullP,10,1,0.9335,0.8998,0.3916
MNIST,10000,D_sqrt_fullP,10,2,0.928,0.881,0.3916
MNIST,10000,D_sqrt_fullP,50,1,0.9962,0.9178,0.4824
MNIST,10000,D_sqrt_fullP,50,2,0.9963,0.9195,0.4824
MNIST,50000,B_in_dm,1,1,0.9721,0.9487,1.0
MNIST,50000,B_in_dm,1,2,0.977,0.952,1.0
MNIST,50000,B_in_dm,10,1,0.9851,0.9696,0.6868
MNIST,50000,B_in_dm,10,2,0.9872,0.9709,0.6868
MNIST,50000,B_in_sqrt,1,1,0.6868,0.6644,1.0
MNIST,50000,B_in_sqrt,1,2,0.4518,0.4456,1.0
MNIST,50000,B_in_sqrt,10,1,0.9558,0.9388,0.374
MNIST,50000,B_in_sqrt,10,2,0.9592,0.9305,0.374
MNIST,50000,B_in_sqrt,50,1,0.9908,0.967,0.369
MNIST,50000,B_in_sqrt,50,2,0.9962,0.9692,0.369
MNIST,50000,C_splitdata_fullcols,1,1,0.9707,0.9475,1.0
MNIST,50000,C_splitdata_fullcols,1,2,0.9763,0.9515,1.0
MNIST,50000,C_splitdata_fullcols,10,1,0.9515,0.9384,0.4438
MNIST,50000,C_splitdata_fullcols,10,2,0.9645,0.949,0.4438
MNIST,50000,C_splitdata_fullcols,50,1,0.9555,0.9395,0.4319
MNIST,50000,C_splitdata_fullcols,50,2,0.9673,0.9515,0.4319
Optdigits,500,B_in_dm,1,1,1.0,0.9523,1.0
Optdigits,500,B_in_dm,1,2,1.0,0.9546,1.0
Optdigits,500,B_in_dm,10,1,1.0,0.9205,0.3223
Optdigits,500,B_in_dm,10,2,1.0,0.9345,0.3223
Optdigits,500,B_in_dm,50,1,1.0,0.8956,0.0733
Optdigits,500,B_in_dm,50,2,1.0,0.9413,0.0733
Optdigits,500,B_in_sqrt,1,1,0.8853,0.5572,1.0
Optdigits,500,B_in_sqrt,1,2,0.6373,0.4336,1.0
Optdigits,500,B_in_sqrt,10,1,1.0,0.9066,0.442
Optdigits,500,B_in_sqrt,10,2,1.0,0.9075,0.442
Optdigits,500,B_in_sqrt,50,1,1.0,0.949,0.4594
Optdigits,500,B_in_sqrt,50,2,1.0,0.9561,0.4594
Optdigits,500,C_splitdata_fullcols,1,1,1.0,0.9514,1.0
Optdigits,500,C_splitdata_fullcols,1,2,1.0,0.9523,1.0
Optdigits,500,D_dm_fullP,1,1,1.0,0.9508,1.0
Optdigits,500,D_dm_fullP,1,2,1.0,0.9505,1.0
Optdigits,500,D_sqrt_fullP,1,1,0.886,0.5543,1.0
Optdigits,500,D_sqrt_fullP,1,2,0.65,0.4232,1.0
Optdigits,1000,B_in_dm,1,1,1.0,0.9665,1.0
Optdigits,1000,B_in_dm,1,2,1.0,0.9671,1.0
Optdigits,1000,B_in_dm,10,1,1.0,0.9353,0.2936
Optdigits,1000,B_in_dm,10,2,1.0,0.9496,0.2936
Optdigits,1000,B_in_dm,50,1,1.0,0.9312,0.0752
Optdigits,1000,B_in_dm,50,2,1.0,0.9617,0.0752
Optdigits,1000,B_in_sqrt,1,1,0.818,0.6121,1.0
Optdigits,1000,B_in_sqrt,1,2,0.5747,0.4445,1.0
Optdigits,1000,B_in_sqrt,10,1,1.0,0.9244,0.4048
Optdigits,1000,B_in_sqrt,10,2,1.0,0.9267,0.4048
Optdigits,1000,B_in_sqrt,50,1,1.0,0.962,0.4214
Optdigits,1000,B_in_sqrt,50,2,1.0,0.9674,0.4214
Optdigits,1000,C_splitdata_fullcols,1,1,1.0,0.9647,1.0
Optdigits,1000,C_splitdata_fullcols,1,2,1.0,0.9647,1.0
Optdigits,1000,D_dm_fullP,1,1,1.0,0.9653,1.0
Optdigits,1000,D_dm_fullP,1,2,1.0,0.9677,1.0
Optdigits,1000,D_sqrt_fullP,1,1,0.8163,0.6139,1.0
Optdigits,1000,D_sqrt_fullP,1,2,0.576,0.438,1.0
Optdigits,2000,B_in_dm,1,1,1.0,0.9789,1.0
Optdigits,2000,B_in_dm,1,2,1.0,0.981,1.0
Optdigits,2000,B_in_dm,10,1,1.0,0.9493,0.269
Optdigits,2000,B_in_dm,10,2,1.0,0.9647,0.269
Optdigits,2000,B_in_dm,50,1,1.0,0.9478,0.0789
Optdigits,2000,B_in_dm,50,2,1.0,0.9721,0.0789
Optdigits,2000,B_in_sqrt,1,1,0.7692,0.626,1.0
Optdigits,2000,B_in_sqrt,1,2,0.5427,0.4766,1.0
Optdigits,2000,B_in_sqrt,10,1,1.0,0.944,0.3734
Optdigits,2000,B_in_sqrt,10,2,1.0,0.941,0.3734
Optdigits,2000,B_in_sqrt,50,1,1.0,0.9784,0.3947
Optdigits,2000,B_in_sqrt,50,2,1.0,0.9786,0.3947
Optdigits,2000,C_splitdata_fullcols,1,1,1.0,0.9775,1.0
Optdigits,2000,C_splitdata_fullcols,1,2,1.0,0.981,1.0
Optdigits,2000,C_splitdata_fullcols,10,1,1.0,0.9733,0.5697
Optdigits,2000,C_splitdata_fullcols,10,2,0.9997,0.9757,0.5697
Optdigits,2000,D_dm_fullP,1,1,1.0,0.9804,1.0
Optdigits,2000,D_dm_fullP,1,2,1.0,0.9813,1.0
Optdigits,2000,D_dm_fullP,10,1,0.9995,0.9614,0.3495
Optdigits,2000,D_dm_fullP,10,2,1.0,0.9478,0.3495
Optdigits,2000,D_sqrt_fullP,1,1,0.7713,0.6269,1.0
Optdigits,2000,D_sqrt_fullP,1,2,0.5772,0.5012,1.0
Optdigits,2000,D_sqrt_fullP,10,1,0.9972,0.938,0.4411
Optdigits,2000,D_sqrt_fullP,10,2,0.9968,0.9288,0.4411
Optdigits,3823,B_in_dm,1,1,1.0,0.9846,1.0
Optdigits,3823,B_in_dm,1,2,1.0,0.9852,1.0
Optdigits,3823,B_in_dm,10,1,0.9999,0.9641,0.2486
Optdigits,3823,B_in_dm,10,2,1.0,0.9739,0.2486
Optdigits,3823,B_in_dm,50,1,0.9956,0.9659,0.0782
Optdigits,3823,B_in_dm,50,2,1.0,0.9798,0.0782
Optdigits,3823,B_in_sqrt,1,1,0.7367,0.6477,1.0
Optdigits,3823,B_in_sqrt,1,2,0.5291,0.4905,1.0
Optdigits,3823,B_in_sqrt,10,1,0.9998,0.9549,0.3458
Optdigits,3823,B_in_sqrt,10,2,1.0,0.9549,0.3458
Optdigits,3823,B_in_sqrt,50,1,1.0,0.9837,0.3671
Optdigits,3823,B_in_sqrt,50,2,1.0,0.987,0.3671
Optdigits,3823,C_splitdata_fullcols,1,1,1.0,0.9852,1.0
Optdigits,3823,C_splitdata_fullcols,1,2,1.0,0.9861,1.0
Optdigits,3823,C_splitdata_fullcols,10,1,0.9993,0.9816,0.5754
Optdigits,3823,C_splitdata_fullcols,10,2,0.9996,0.9813,0.5754
Optdigits,3823,D_dm_fullP,1,1,1.0,0.984,1.0
Optdigits,3823,D_dm_fullP,1,2,1.0,0.9852,1.0
Optdigits,3823,D_dm_fullP,10,1,0.9967,0.9659,0.3074
Optdigits,3823,D_dm_fullP,10,2,0.9986,0.9638,0.3074
Optdigits,3823,D_sqrt_fullP,1,1,0.738,0.6498,1.0
Optdigits,3823,D_sqrt_fullP,1,2,0.5258,0.4867,1.0
Optdigits,3823,D_sqrt_fullP,10,1,0.9916,0.9606,0.4085
Optdigits,3823,D_sqrt_fullP,10,2,0.992,0.9454,0.4085
Satimage,500,B_in_dm,1,1,1.0,0.846,1.0
Satimage,500,B_in_dm,1,2,1.0,0.8481,1.0
Satimage,500,B_in_dm,10,1,0.9907,0.8551,0.717
Satimage,500,B_in_dm,10,2,0.9993,0.8593,0.717
Satimage,500,B_in_sqrt,1,1,0.9433,0.8284,1.0
Satimage,500,B_in_sqrt,1,2,0.7607,0.7102,1.0
Satimage,500,B_in_sqrt,10,1,0.9953,0.8541,0.8406
Satimage,500,B_in_sqrt,10,2,1.0,0.8541,0.8406
Satimage,500,B_in_sqrt,50,1,1.0,0.8447,0.8346
Satimage,500,B_in_sqrt,50,2,1.0,0.8665,0.8346
Satimage,500,C_splitdata_fullcols,1,1,1.0,0.8515,1.0
Satimage,500,C_splitdata_fullcols,1,2,1.0,0.8538,1.0
Satimage,500,D_dm_fullP,1,1,1.0,0.8543,1.0
Satimage,500,D_dm_fullP,1,2,1.0,0.8548,1.0
Satimage,500,D_sqrt_fullP,1,1,0.9433,0.8297,1.0
Satimage,500,D_sqrt_fullP,1,2,0.7487,0.6825,1.0
Satimage,1000,B_in_dm,1,1,0.9957,0.8769,1.0
Satimage,1000,B_in_dm,1,2,0.9987,0.8699,1.0
Satimage,1000,B_in_dm,10,1,0.9707,0.8787,0.7164
Satimage,1000,B_in_dm,10,2,0.9977,0.8795,0.7164
Satimage,1000,B_in_sqrt,1,1,0.9157,0.8463,1.0
Satimage,1000,B_in_sqrt,1,2,0.7647,0.7237,1.0
Satimage,1000,B_in_sqrt,10,1,0.984,0.8818,0.8277
Satimage,1000,B_in_sqrt,10,2,0.997,0.8787,0.8277
Satimage,1000,B_in_sqrt,50,1,1.0,0.8748,0.8146
Satimage,1000,B_in_sqrt,50,2,1.0,0.8885,0.8146
Satimage,1000,C_splitdata_fullcols,1,1,0.995,0.8743,1.0
Satimage,1000,C_splitdata_fullcols,1,2,0.9977,0.8701,1.0
Satimage,1000,D_dm_fullP,1,1,0.996,0.8769,1.0
Satimage,1000,D_dm_fullP,1,2,0.9983,0.8725,1.0
Satimage,1000,D_sqrt_fullP,1,1,0.913,0.8481,1.0
Satimage,1000,D_sqrt_fullP,1,2,0.7543,0.7151,1.0
Satimage,2000,B_in_dm,1,1,0.985,0.8862,1.0
Satimage,2000,B_in_dm,1,2,0.9887,0.8805,1.0
Satimage,2000,B_in_dm,10,1,0.939,0.8766,0.7341
Satimage,2000,B_in_dm,10,2,0.9802,0.8815,0.7341
Satimage,2000,B_in_sqrt,1,1,0.8995,0.8528,1.0
Satimage,2000,B_in_sqrt,1,2,0.7338,0.7245,1.0
Satimage,2000,B_in_sqrt,10,1,0.967,0.8922,0.8413
Satimage,2000,B_in_sqrt,10,2,0.9887,0.8885,0.8413
Satimage,2000,B_in_sqrt,50,1,0.9977,0.8841,0.8228
Satimage,2000,B_in_sqrt,50,2,1.0,0.8992,0.8228
Satimage,2000,C_splitdata_fullcols,1,1,0.9865,0.8844,1.0
Satimage,2000,C_splitdata_fullcols,1,2,0.99,0.8813,1.0
Satimage,2000,C_splitdata_fullcols,10,1,0.9295,0.8826,0.2364
Satimage,2000,C_splitdata_fullcols,10,2,0.9437,0.8893,0.2364
Satimage,2000,D_dm_fullP,1,1,0.9877,0.8854,1.0
Satimage,2000,D_dm_fullP,1,2,0.9908,0.887,1.0
Satimage,2000,D_dm_fullP,10,1,0.9212,0.8782,0.6788
Satimage,2000,D_dm_fullP,10,2,0.9317,0.8888,0.6788
Satimage,2000,D_sqrt_fullP,1,1,0.8962,0.8523,1.0
Satimage,2000,D_sqrt_fullP,1,2,0.744,0.7198,1.0
Satimage,2000,D_sqrt_fullP,10,1,0.9205,0.8852,0.752
Satimage,2000,D_sqrt_fullP,10,2,0.9348,0.8823,0.752
Satimage,4435,B_in_dm,1,1,0.9704,0.9025,1.0
Satimage,4435,B_in_dm,1,2,0.9763,0.8992,1.0
Satimage,4435,B_in_dm,10,1,0.9209,0.8919,0.7367
Satimage,4435,B_in_dm,10,2,0.956,0.8968,0.7367
Satimage,4435,B_in_sqrt,1,1,0.887,0.8567,1.0
Satimage,4435,B_in_sqrt,1,2,0.7695,0.7602,1.0
Satimage,4435,B_in_sqrt,10,1,0.9431,0.9007,0.8418
Satimage,4435,B_in_sqrt,10,2,0.9709,0.9069,0.8418
Satimage,4435,B_in_sqrt,50,1,0.9854,0.8994,0.8297
Satimage,4435,B_in_sqrt,50,2,0.9997,0.9184,0.8297
Satimage,4435,C_splitdata_fullcols,1,1,0.9714,0.9038,1.0
Satimage,4435,C_splitdata_fullcols,1,2,0.9771,0.9018,1.0
Satimage,4435,C_splitdata_fullcols,10,1,0.9194,0.8935,0.2112
Satimage,4435,C_splitdata_fullcols,10,2,0.9359,0.9025,0.2112
Satimage,4435,D_dm_fullP,1,1,0.9701,0.9038,1.0
Satimage,4435,D_dm_fullP,1,2,0.9781,0.9005,1.0
Satimage,4435,D_dm_fullP,10,1,0.9077,0.8891,0.6907
Satimage,4435,D_dm_fullP,10,2,0.9199,0.8929,0.6907
Satimage,4435,D_sqrt_fullP,1,1,0.8885,0.8598,1.0
Satimage,4435,D_sqrt_fullP,1,2,0.7866,0.7784,1.0
Satimage,4435,D_sqrt_fullP,10,1,0.9188,0.8937,0.8109
Satimage,4435,D_sqrt_fullP,10,2,0.9237,0.8979,0.8109
