dataset,n,seed,mlp_acc,mlp_time,rbf_acc,rbf_time,accL1,tL1,accL2,tL2,accL3,tL3,accL4,tL4,accL5,tL5,gain_vs_rbf_pct,timestamp
Check_2D_Bin,1000,0,0.9602,1.76,0.7806,0.21,0.7613,0.62,0.8964,1.02,0.9133,1.01,0.9139,1.03,0.902,1.15,13.33,2026-06-22T12:56:34.694862
Check_2D_Bin,1000,1,0.9657,3.77,0.7943,0.29,0.7646,0.43,0.91,0.78,0.9372,1.31,0.92,1.19,0.9213,1.38,14.29,2026-06-22T12:56:43.835394
Check_2D_Bin,1000,2,0.9619,3.44,0.8083,0.32,0.7646,0.42,0.905,0.68,0.9458,0.87,0.9144,1.08,0.8925,1.27,13.75,2026-06-22T12:56:51.955980
Check_2D_Bin,5000,0,0.9688,8.46,0.9216,1.04,0.7656,2.11,0.9059,4.06,0.9343,4.9,0.9398,5.47,0.9434,6.0,2.18,2026-06-22T12:57:23.993484
Check_2D_Bin,5000,1,0.9829,8.9,0.9229,1.06,0.7661,2.14,0.9108,4.03,0.9301,4.89,0.9317,5.36,0.9406,5.79,1.77,2026-06-22T12:57:56.184722
Check_2D_Bin,5000,2,0.9715,7.78,0.9047,1.02,0.7651,2.34,0.8896,4.42,0.9227,5.43,0.9285,5.93,0.9254,6.44,2.38,2026-06-22T12:58:29.543508
Check_2D_Bin,10000,0,0.9847,13.21,0.9451,2.37,0.7656,4.43,0.9066,8.68,0.9314,10.51,0.9391,11.43,0.956,12.37,1.09,2026-06-22T12:59:32.565724
Check_2D_Bin,10000,1,0.966,17.84,0.9445,2.36,0.7616,4.42,0.9115,8.6,0.9379,10.46,0.9427,11.34,0.9494,12.03,0.49,2026-06-22T13:00:39.614586
Check_2D_Bin,10000,2,0.9832,10.01,0.9366,2.32,0.7673,4.7,0.9045,9.06,0.944,10.81,0.9482,11.75,0.952,12.48,1.54,2026-06-22T13:01:40.758051
Spirals_2D_Bin,1000,0,0.9985,4.4,0.7039,0.28,0.5747,0.42,0.8732,0.93,0.9614,1.14,0.9614,1.37,0.9988,1.6,29.49,2026-06-22T13:01:50.902711
Spirals_2D_Bin,1000,1,0.9997,4.99,0.7261,0.27,0.5696,0.42,0.8107,0.92,0.9141,1.15,0.9502,1.35,0.9865,1.52,26.04,2026-06-22T13:02:01.528024
Spirals_2D_Bin,1000,2,0.999,4.57,0.7473,0.25,0.5764,0.43,0.8621,0.89,0.9677,1.45,0.9844,1.34,0.9909,1.54,24.36,2026-06-22T13:02:12.005462
Spirals_2D_Bin,5000,0,0.9999,8.25,0.8123,1.42,0.5829,2.39,0.8882,5.69,0.9964,6.39,0.9973,6.88,0.9927,7.06,18.5,2026-06-22T13:02:50.095607
Spirals_2D_Bin,5000,1,0.9999,8.03,0.8331,1.39,0.5914,2.21,0.7684,5.61,0.9818,6.68,0.9876,6.99,0.985,7.33,15.45,2026-06-22T13:03:28.347652
Spirals_2D_Bin,5000,2,0.9999,7.93,0.8336,1.48,0.5813,2.37,0.999,5.67,0.9994,6.32,0.9973,6.5,0.9977,6.71,16.58,2026-06-22T13:04:05.343052
Spirals_2D_Bin,10000,0,1.0,10.49,0.8812,4.1,0.587,5.55,0.9599,14.17,0.9976,15.28,0.9979,14.67,0.9985,14.51,11.73,2026-06-22T13:05:24.140214
Spirals_2D_Bin,10000,1,1.0,12.93,0.8546,4.36,0.593,5.5,0.8609,12.6,0.9994,14.3,0.9981,15.54,0.9982,15.17,14.48,2026-06-22T13:06:44.559611
Spirals_2D_Bin,10000,2,1.0,15.59,0.8528,4.95,0.5911,5.15,0.9547,13.08,0.9973,14.12,0.9971,15.86,0.9976,14.54,14.48,2026-06-22T13:08:07.865305
Quad_XOR_Bin,1000,0,0.985,4.0,0.9828,0.08,0.989,0.24,0.9901,0.43,0.9899,0.56,0.9893,0.7,0.9897,0.9,0.73,2026-06-22T13:08:14.793953
Quad_XOR_Bin,1000,1,0.9876,3.21,0.9856,0.07,0.9935,0.23,0.994,0.39,0.9907,0.57,0.9909,0.77,0.9915,1.25,0.84,2026-06-22T13:08:21.293812
Quad_XOR_Bin,1000,2,0.9894,2.35,0.9824,0.08,0.9921,0.25,0.9912,0.4,0.9909,0.55,0.991,0.73,0.9912,1.07,0.97,2026-06-22T13:08:26.739283
Quad_XOR_Bin,5000,0,0.99,7.66,0.9927,0.2,0.994,0.51,0.9955,0.74,0.9958,1.04,0.9955,1.42,0.996,1.69,0.33,2026-06-22T13:08:40.008618
Quad_XOR_Bin,5000,1,0.9937,8.08,0.9943,0.22,0.9956,0.55,0.9957,0.77,0.9955,1.09,0.9959,1.36,0.9962,1.75,0.19,2026-06-22T13:08:53.842356
Quad_XOR_Bin,5000,2,0.9938,8.64,0.9952,0.21,0.9976,0.62,0.9978,0.93,0.9981,1.34,0.9977,1.76,0.9982,1.82,0.3,2026-06-22T13:09:09.183068
Quad_XOR_Bin,10000,0,0.9942,14.02,0.9962,0.34,0.995,0.99,0.9959,1.28,0.9956,2.05,0.9959,2.37,0.9956,3.23,-0.03,2026-06-22T13:09:33.499746
Quad_XOR_Bin,10000,1,0.996,13.66,0.993,0.35,0.9952,0.87,0.9956,1.17,0.9954,1.62,0.9957,2.07,0.995,2.76,0.27,2026-06-22T13:09:56.017197
Quad_XOR_Bin,10000,2,0.9945,11.34,0.9974,0.33,0.9974,0.8,0.9979,1.12,0.9978,1.54,0.9976,2.16,0.9979,2.73,0.05,2026-06-22T13:10:16.072545
Spirals_3C,1000,0,0.9985,4.95,0.8262,0.3,0.4509,0.89,0.9456,2.51,0.9929,3.49,0.9958,2.71,0.9974,3.15,17.12,2026-06-22T13:10:34.096298
Spirals_3C,1000,1,0.9982,4.94,0.8245,0.31,0.443,0.92,0.978,2.26,0.9875,2.57,0.997,3.03,0.9977,3.09,17.32,2026-06-22T13:10:51.225321
Spirals_3C,1000,2,0.9991,5.28,0.8145,0.29,0.4378,0.94,0.9805,2.08,0.9938,2.63,0.9947,2.85,0.9961,3.19,18.16,2026-06-22T13:11:08.500011
Spirals_3C,5000,0,0.9996,15.34,0.8965,1.32,0.4486,7.24,0.9994,16.92,0.9989,18.22,0.9985,18.15,0.9986,18.89,10.29,2026-06-22T13:12:44.599132
Spirals_3C,5000,1,0.9999,12.47,0.889,1.35,0.4485,6.8,0.9998,15.58,1.0,17.23,0.9997,17.9,0.9984,18.13,11.1,2026-06-22T13:14:14.083044
Spirals_3C,5000,2,0.9999,13.9,0.9025,1.33,0.4484,7.45,0.9989,16.79,0.9997,17.82,0.9989,18.06,0.9975,18.57,9.72,2026-06-22T13:15:48.009737
Spirals_3C,10000,0,0.9999,14.6,0.9158,3.18,0.446,14.88,0.9998,37.79,0.9998,40.99,0.9993,48.84,0.9989,41.69,8.4,2026-06-22T13:19:10.982543
Spirals_3C,10000,1,0.9997,25.96,0.9105,3.39,0.4479,17.77,0.9993,41.79,0.9995,39.9,0.9994,41.37,0.9991,43.99,8.9,2026-06-22T13:22:45.179264
Spirals_3C,10000,2,0.9995,21.49,0.9165,3.42,0.4416,16.51,0.9996,39.71,0.9996,38.22,0.9992,39.82,0.9987,38.32,8.31,2026-06-22T13:26:02.671331
Check_3C,1000,0,0.9733,3.84,0.9448,0.16,0.6591,0.76,0.9767,1.31,0.975,1.58,0.9677,1.95,0.9581,2.17,3.19,2026-06-22T13:26:14.456310
Check_3C,1000,1,0.9704,2.93,0.9449,0.14,0.6122,0.8,0.9807,1.32,0.9764,1.59,0.9645,1.93,0.9585,2.1,3.58,2026-06-22T13:26:25.276170
Check_3C,1000,2,0.9603,2.19,0.9472,0.15,0.6223,0.88,0.9801,1.31,0.978,1.64,0.9654,1.91,0.9532,2.22,3.29,2026-06-22T13:26:35.597500
Check_3C,5000,0,0.9841,13.92,0.9708,0.41,0.6611,5.39,0.9845,9.05,0.9781,9.88,0.9769,11.2,0.9776,11.73,1.37,2026-06-22T13:27:37.188098
Check_3C,5000,1,0.9832,7.5,0.9704,0.4,0.6317,5.4,0.981,9.24,0.9756,10.28,0.9735,10.67,0.9749,11.4,1.06,2026-06-22T13:28:32.088238
Check_3C,5000,2,0.9888,9.54,0.9708,0.39,0.6215,5.69,0.9841,9.49,0.9788,11.26,0.9773,10.72,0.9777,11.21,1.33,2026-06-22T13:29:30.417351
Check_3C,10000,0,0.9869,15.23,0.975,0.68,0.6223,12.61,0.9824,20.48,0.9776,22.69,0.9794,23.98,0.9808,24.42,0.74,2026-06-22T13:31:30.533432
Check_3C,10000,1,0.9856,14.46,0.9768,0.7,0.6343,11.71,0.983,19.71,0.9807,21.16,0.9819,21.54,0.984,22.6,0.72,2026-06-22T13:33:22.441060
Check_3C,10000,2,0.9836,12.03,0.9743,0.73,0.6442,11.8,0.9817,19.59,0.9745,21.46,0.9776,21.63,0.98,22.63,0.74,2026-06-22T13:35:12.326875
Rings_3C,1000,0,1.0,0.77,1.0,0.03,1.0,0.71,1.0,0.94,1.0,1.3,1.0,1.54,1.0,1.97,0.0,2026-06-22T13:35:19.593340
Rings_3C,1000,1,1.0,0.8,1.0,0.03,1.0,0.66,1.0,0.91,1.0,1.19,1.0,1.47,1.0,1.77,0.0,2026-06-22T13:35:26.425595
Rings_3C,1000,2,1.0,0.9,1.0,0.03,1.0,0.68,1.0,0.94,1.0,1.23,1.0,1.5,1.0,1.77,0.0,2026-06-22T13:35:33.493164
Rings_3C,5000,0,1.0,3.11,1.0,0.05,1.0,3.03,1.0,3.55,1.0,4.15,1.0,4.46,1.0,4.98,0.0,2026-06-22T13:35:56.835048
Rings_3C,5000,1,1.0,2.25,1.0,0.06,1.0,3.12,1.0,3.8,1.0,4.37,1.0,4.67,1.0,5.25,0.0,2026-06-22T13:36:20.347726
Rings_3C,5000,2,1.0,2.82,1.0,0.05,1.0,3.08,1.0,3.6,1.0,4.05,1.0,4.52,1.0,5.08,0.0,2026-06-22T13:36:43.554793
Rings_3C,10000,0,1.0,4.76,1.0,0.09,1.0,5.95,1.0,7.39,1.0,7.25,1.0,8.77,1.0,8.51,0.0,2026-06-22T13:37:26.277293
Rings_3C,10000,1,1.0,5.36,1.0,0.09,1.0,5.59,1.0,7.64,1.0,8.25,1.0,8.35,1.0,9.4,0.0,2026-06-22T13:38:10.981715
Rings_3C,10000,2,1.0,5.43,1.0,0.1,1.0,6.13,1.0,7.86,1.0,7.53,1.0,8.65,1.0,8.79,0.0,2026-06-22T13:38:55.477279
